month,scope,technology,event,document_count
2019-01-01,Andalucía,solar_fv,consulta,1
2019-01-01,Huelva,solar_fv,consulta,1
2019-02-01,Almería,solar_fv,sin_veredicto,1
2019-02-01,Andalucía,solar_fv,consulta,1
2019-02-01,Andalucía,solar_fv,sin_veredicto,1
2019-02-01,Cádiz,solar_fv,consulta,1
2019-03-01,Andalucía,solar_fv,favorable_condicionada,1
2019-03-01,Cádiz,solar_fv,favorable_condicionada,1
2019-08-01,Andalucía,solar_fv,favorable_condicionada,1
2019-08-01,Cádiz,solar_fv,favorable_condicionada,1
2019-09-01,Andalucía,solar_fv,consulta,1
2019-09-01,Sevilla,solar_fv,consulta,1
2020-12-01,Andalucía,solar_fv,consulta,4
2020-12-01,Cádiz,solar_fv,consulta,3
2020-12-01,Málaga,solar_fv,consulta,4
2021-01-01,Andalucía,solar_fv,consulta,3
2021-01-01,Córdoba,solar_fv,consulta,1
2021-01-01,Sevilla,solar_fv,consulta,2
2021-02-01,Andalucía,solar_fv,consulta,6
2021-02-01,Córdoba,solar_fv,consulta,3
2021-02-01,Huelva,solar_fv,consulta,1
2021-02-01,Jaén,solar_fv,consulta,1
2021-02-01,Málaga,solar_fv,consulta,2
2021-03-01,Almería,solar_fv,consulta,1
2021-03-01,Andalucía,solar_fv,consulta,8
2021-03-01,Cádiz,solar_fv,consulta,2
2021-03-01,Granada,solar_fv,consulta,3
2021-03-01,Sevilla,solar_fv,consulta,2
2021-04-01,Andalucía,eolica,consulta,1
2021-04-01,Andalucía,solar_fv,consulta,6
2021-04-01,Cádiz,eolica,consulta,1
2021-04-01,Córdoba,solar_fv,consulta,1
2021-04-01,Granada,solar_fv,consulta,3
2021-04-01,Huelva,solar_fv,consulta,1
2021-04-01,Málaga,eolica,consulta,1
2021-04-01,Málaga,solar_fv,consulta,1
2021-05-01,Andalucía,solar_fv,consulta,9
2021-05-01,Granada,solar_fv,consulta,2
2021-05-01,Huelva,solar_fv,consulta,3
2021-05-01,Málaga,solar_fv,consulta,2
2021-05-01,Sevilla,solar_fv,consulta,2
2021-06-01,Andalucía,eolica,consulta,1
2021-06-01,Andalucía,solar_fv,consulta,2
2021-06-01,Cádiz,eolica,consulta,1
2021-06-01,Málaga,solar_fv,consulta,2
2021-07-01,Andalucía,eolica,consulta,1
2021-07-01,Andalucía,solar_fv,consulta,2
2021-07-01,Cádiz,eolica,consulta,1
2021-07-01,Málaga,eolica,consulta,1
2021-07-01,Málaga,solar_fv,consulta,1
2021-07-01,Sevilla,solar_fv,consulta,1
2021-08-01,Andalucía,hibrida,consulta,1
2021-08-01,Andalucía,solar_fv,consulta,1
2021-08-01,Huelva,solar_fv,consulta,1
2021-08-01,Sevilla,hibrida,consulta,1
2021-09-01,Andalucía,hibrida,consulta,1
2021-09-01,Andalucía,solar_fv,consulta,5
2021-09-01,Huelva,hibrida,consulta,1
2021-09-01,Huelva,solar_fv,consulta,3
2021-09-01,Sevilla,solar_fv,consulta,2
2021-10-01,Almería,solar_fv,consulta,1
2021-10-01,Andalucía,hibrida,consulta,1
2021-10-01,Andalucía,solar_fv,consulta,3
2021-10-01,Granada,solar_fv,consulta,1
2021-10-01,Huelva,hibrida,consulta,1
2021-10-01,Málaga,solar_fv,consulta,2
2021-11-01,Andalucía,solar_fv,consulta,2
2021-11-01,Córdoba,solar_fv,consulta,1
2021-11-01,Sevilla,solar_fv,consulta,1
2021-12-01,Andalucía,hibrida,consulta,1
2021-12-01,Andalucía,solar_fv,consulta,3
2021-12-01,Cádiz,solar_fv,consulta,1
2021-12-01,Huelva,solar_fv,consulta,2
2021-12-01,Málaga,solar_fv,consulta,1
2022-01-01,Andalucía,eolica,consulta,1
2022-01-01,Andalucía,hibrida,consulta,1
2022-01-01,Andalucía,solar_fv,consulta,1
2022-01-01,Andalucía,solar_fv,favorable_condicionada,1
2022-01-01,Cádiz,eolica,consulta,1
2022-01-01,Cádiz,hibrida,consulta,1
2022-01-01,Huelva,solar_fv,consulta,1
2022-01-01,Málaga,eolica,consulta,1
2022-01-01,Málaga,solar_fv,favorable_condicionada,1
2022-05-01,Andalucía,solar_fv,consulta,1
2022-05-01,Andalucía,solar_fv,favorable_condicionada,6
2022-05-01,Córdoba,solar_fv,favorable_condicionada,1
2022-05-01,Huelva,solar_fv,consulta,1
2022-05-01,Jaén,solar_fv,favorable_condicionada,1
2022-05-01,Sevilla,solar_fv,favorable_condicionada,5
2022-07-01,Andalucía,solar_fv,favorable_condicionada,1
2022-07-01,Huelva,solar_fv,favorable_condicionada,1
2022-08-01,Andalucía,solar_fv,consulta,1
2022-08-01,Sevilla,solar_fv,consulta,1
2022-09-01,Andalucía,solar_fv,consulta,1
2022-09-01,Andalucía,solar_fv,favorable_condicionada,6
2022-09-01,Andalucía,solar_fv,sin_veredicto,2
2022-09-01,Cádiz,solar_fv,sin_veredicto,1
2022-09-01,Granada,solar_fv,sin_veredicto,1
2022-09-01,Huelva,solar_fv,favorable_condicionada,1
2022-09-01,Málaga,solar_fv,sin_veredicto,1
2022-09-01,Sevilla,solar_fv,consulta,1
2022-09-01,Sevilla,solar_fv,favorable_condicionada,5
2022-10-01,Almería,solar_fv,favorable_condicionada,1
2022-10-01,Andalucía,linea_evacuacion,consulta,1
2022-10-01,Andalucía,solar_fv,consulta,2
2022-10-01,Andalucía,solar_fv,favorable_condicionada,5
2022-10-01,Andalucía,solar_fv,sin_veredicto,1
2022-10-01,Granada,linea_evacuacion,consulta,1
2022-10-01,Granada,solar_fv,consulta,1
2022-10-01,Huelva,solar_fv,consulta,1
2022-10-01,Jaén,solar_fv,favorable_condicionada,1
2022-10-01,Málaga,solar_fv,sin_veredicto,1
2022-10-01,Sevilla,solar_fv,favorable_condicionada,3
2022-11-01,Almería,solar_fv,sin_veredicto,1
2022-11-01,Andalucía,eolica,consulta,1
2022-11-01,Andalucía,hibrida,consulta,1
2022-11-01,Andalucía,solar_fv,consulta,1
2022-11-01,Andalucía,solar_fv,desfavorable,1
2022-11-01,Andalucía,solar_fv,favorable_condicionada,14
2022-11-01,Andalucía,solar_fv,sin_veredicto,6
2022-11-01,Cádiz,eolica,consulta,1
2022-11-01,Cádiz,solar_fv,favorable_condicionada,3
2022-11-01,Córdoba,solar_fv,desfavorable,1
2022-11-01,Córdoba,solar_fv,favorable_condicionada,1
2022-11-01,Córdoba,solar_fv,sin_veredicto,3
2022-11-01,Granada,solar_fv,consulta,1
2022-11-01,Granada,solar_fv,favorable_condicionada,1
2022-11-01,Granada,solar_fv,sin_veredicto,1
2022-11-01,Huelva,solar_fv,favorable_condicionada,2
2022-11-01,Huelva,solar_fv,sin_veredicto,1
2022-11-01,Jaén,solar_fv,favorable_condicionada,1
2022-11-01,Sevilla,hibrida,consulta,1
2022-11-01,Sevilla,solar_fv,favorable_condicionada,6
2022-12-01,Almería,solar_fv,sin_veredicto,1
2022-12-01,Andalucía,hibrida,favorable_condicionada,1
2022-12-01,Andalucía,linea_evacuacion,favorable_condicionada,1
2022-12-01,Andalucía,solar_fv,consulta,1
2022-12-01,Andalucía,solar_fv,favorable_condicionada,14
2022-12-01,Andalucía,solar_fv,sin_veredicto,6
2022-12-01,Cádiz,solar_fv,favorable_condicionada,8
2022-12-01,Córdoba,solar_fv,favorable_condicionada,1
2022-12-01,Granada,solar_fv,favorable_condicionada,1
2022-12-01,Granada,solar_fv,sin_veredicto,2
2022-12-01,Huelva,hibrida,favorable_condicionada,1
2022-12-01,Huelva,solar_fv,consulta,1
2022-12-01,Huelva,solar_fv,sin_veredicto,1
2022-12-01,Sevilla,linea_evacuacion,favorable_condicionada,1
2022-12-01,Sevilla,solar_fv,favorable_condicionada,4
2022-12-01,Sevilla,solar_fv,sin_veredicto,2
2023-01-01,Almería,linea_evacuacion,sin_veredicto,1
2023-01-01,Almería,solar_fv,sin_veredicto,4
2023-01-01,Andalucía,eolica,favorable_condicionada,8
2023-01-01,Andalucía,eolica,sin_veredicto,1
2023-01-01,Andalucía,hibrida,favorable_condicionada,1
2023-01-01,Andalucía,linea_evacuacion,sin_veredicto,1
2023-01-01,Andalucía,solar_fv,consulta,1
2023-01-01,Andalucía,solar_fv,desfavorable,2
2023-01-01,Andalucía,solar_fv,favorable_condicionada,34
2023-01-01,Andalucía,solar_fv,sin_veredicto,7
2023-01-01,Cádiz,eolica,favorable_condicionada,3
2023-01-01,Cádiz,solar_fv,desfavorable,1
2023-01-01,Cádiz,solar_fv,favorable_condicionada,6
2023-01-01,Granada,solar_fv,desfavorable,1
2023-01-01,Granada,solar_fv,favorable_condicionada,3
2023-01-01,Huelva,solar_fv,favorable_condicionada,2
2023-01-01,Huelva,solar_fv,sin_veredicto,2
2023-01-01,Jaén,solar_fv,favorable_condicionada,1
2023-01-01,Málaga,eolica,favorable_condicionada,1
2023-01-01,Málaga,eolica,sin_veredicto,1
2023-01-01,Málaga,solar_fv,desfavorable,2
2023-01-01,Málaga,solar_fv,favorable_condicionada,4
2023-01-01,Sevilla,eolica,favorable_condicionada,5
2023-01-01,Sevilla,hibrida,favorable_condicionada,1
2023-01-01,Sevilla,solar_fv,favorable_condicionada,18
2023-01-01,Sevilla,solar_fv,sin_veredicto,1
2023-02-01,Almería,solar_fv,favorable_condicionada,1
2023-02-01,Almería,solar_fv,sin_veredicto,6
2023-02-01,Andalucía,eolica,sin_veredicto,5
2023-02-01,Andalucía,hibrida,consulta,1
2023-02-01,Andalucía,linea_evacuacion,favorable_condicionada,4
2023-02-01,Andalucía,linea_evacuacion,sin_veredicto,2
2023-02-01,Andalucía,solar_fv,consulta,4
2023-02-01,Andalucía,solar_fv,desfavorable,2
2023-02-01,Andalucía,solar_fv,favorable_condicionada,55
2023-02-01,Andalucía,solar_fv,sin_veredicto,36
2023-02-01,Cádiz,eolica,sin_veredicto,1
2023-02-01,Cádiz,solar_fv,favorable_condicionada,11
2023-02-01,Córdoba,solar_fv,favorable_condicionada,4
2023-02-01,Córdoba,solar_fv,sin_veredicto,11
2023-02-01,Granada,solar_fv,consulta,3
2023-02-01,Granada,solar_fv,sin_veredicto,2
2023-02-01,Huelva,solar_fv,favorable_condicionada,2
2023-02-01,Jaén,hibrida,consulta,1
2023-02-01,Jaén,linea_evacuacion,favorable_condicionada,1
2023-02-01,Jaén,solar_fv,favorable_condicionada,6
2023-02-01,Málaga,eolica,sin_veredicto,5
2023-02-01,Málaga,linea_evacuacion,sin_veredicto,2
2023-02-01,Málaga,solar_fv,desfavorable,1
2023-02-01,Málaga,solar_fv,favorable_condicionada,4
2023-02-01,Málaga,solar_fv,sin_veredicto,15
2023-02-01,Sevilla,linea_evacuacion,favorable_condicionada,3
2023-02-01,Sevilla,solar_fv,consulta,1
2023-02-01,Sevilla,solar_fv,desfavorable,1
2023-02-01,Sevilla,solar_fv,favorable_condicionada,27
2023-02-01,Sevilla,solar_fv,sin_veredicto,2
2023-03-01,Almería,solar_fv,sin_veredicto,8
2023-03-01,Andalucía,eolica,favorable_condicionada,1
2023-03-01,Andalucía,eolica,sin_veredicto,1
2023-03-01,Andalucía,hibrida,favorable_condicionada,2
2023-03-01,Andalucía,linea_evacuacion,favorable_condicionada,1
2023-03-01,Andalucía,solar_fv,consulta,2
2023-03-01,Andalucía,solar_fv,favorable_condicionada,12
2023-03-01,Andalucía,solar_fv,sin_veredicto,18
2023-03-01,Cádiz,hibrida,favorable_condicionada,1
2023-03-01,Cádiz,solar_fv,favorable_condicionada,2
2023-03-01,Córdoba,solar_fv,consulta,1
2023-03-01,Córdoba,solar_fv,sin_veredicto,3
2023-03-01,Granada,eolica,sin_veredicto,1
2023-03-01,Granada,solar_fv,consulta,1
2023-03-01,Granada,solar_fv,sin_veredicto,4
2023-03-01,Huelva,hibrida,favorable_condicionada,1
2023-03-01,Huelva,solar_fv,favorable_condicionada,1
2023-03-01,Huelva,solar_fv,sin_veredicto,2
2023-03-01,Jaén,solar_fv,sin_veredicto,1
2023-03-01,Málaga,solar_fv,favorable_condicionada,2
2023-03-01,Málaga,solar_fv,sin_veredicto,1
2023-03-01,Sevilla,eolica,favorable_condicionada,1
2023-03-01,Sevilla,linea_evacuacion,favorable_condicionada,1
2023-03-01,Sevilla,solar_fv,favorable_condicionada,8
2023-04-01,Andalucía,eolica,consulta,2
2023-04-01,Andalucía,eolica,desfavorable,1
2023-04-01,Andalucía,hibrida,favorable_condicionada,1
2023-04-01,Andalucía,otra,consulta,1
2023-04-01,Andalucía,solar_fv,consulta,2
2023-04-01,Andalucía,solar_fv,desfavorable,1
2023-04-01,Andalucía,solar_fv,favorable_condicionada,2
2023-04-01,Andalucía,solar_fv,sin_veredicto,1
2023-04-01,Cádiz,eolica,consulta,2
2023-04-01,Cádiz,eolica,desfavorable,1
2023-04-01,Cádiz,otra,consulta,1
2023-04-01,Cádiz,solar_fv,favorable_condicionada,1
2023-04-01,Córdoba,solar_fv,consulta,2
2023-04-01,Huelva,solar_fv,desfavorable,1
2023-04-01,Huelva,solar_fv,sin_veredicto,1
2023-04-01,Jaén,solar_fv,favorable_condicionada,1
2023-04-01,Málaga,eolica,desfavorable,1
2023-05-01,Almería,solar_fv,sin_veredicto,1
2023-05-01,Andalucía,eolica,consulta,1
2023-05-01,Andalucía,hibrida,consulta,1
2023-05-01,Andalucía,linea_evacuacion,consulta,1
2023-05-01,Andalucía,linea_evacuacion,favorable_condicionada,1
2023-05-01,Andalucía,linea_evacuacion,sin_veredicto,1
2023-05-01,Andalucía,otra,consulta,1
2023-05-01,Andalucía,solar_fv,consulta,1
2023-05-01,Andalucía,solar_fv,favorable_condicionada,8
2023-05-01,Andalucía,solar_fv,sin_veredicto,4
2023-05-01,Cádiz,eolica,consulta,1
2023-05-01,Cádiz,hibrida,consulta,1
2023-05-01,Cádiz,otra,consulta,1
2023-05-01,Cádiz,solar_fv,favorable_condicionada,1
2023-05-01,Córdoba,linea_evacuacion,sin_veredicto,1
2023-05-01,Córdoba,solar_fv,consulta,1
2023-05-01,Granada,linea_evacuacion,consulta,1
2023-05-01,Huelva,solar_fv,favorable_condicionada,3
2023-05-01,Jaén,linea_evacuacion,sin_veredicto,1
2023-05-01,Jaén,solar_fv,consulta,1
2023-05-01,Jaén,solar_fv,favorable_condicionada,1
2023-05-01,Jaén,solar_fv,sin_veredicto,1
2023-05-01,Málaga,solar_fv,favorable_condicionada,1
2023-05-01,Málaga,solar_fv,sin_veredicto,2
2023-05-01,Sevilla,linea_evacuacion,favorable_condicionada,1
2023-05-01,Sevilla,solar_fv,favorable_condicionada,2
2023-06-01,Almería,eolica,sin_veredicto,2
2023-06-01,Almería,solar_fv,consulta,1
2023-06-01,Andalucía,eolica,consulta,1
2023-06-01,Andalucía,eolica,sin_veredicto,2
2023-06-01,Andalucía,hibrida,consulta,1
2023-06-01,Andalucía,linea_evacuacion,favorable_condicionada,1
2023-06-01,Andalucía,solar_fv,consulta,6
2023-06-01,Andalucía,solar_fv,favorable_condicionada,2
2023-06-01,Andalucía,solar_fv,sin_veredicto,2
2023-06-01,Cádiz,eolica,consulta,1
2023-06-01,Cádiz,solar_fv,favorable_condicionada,2
2023-06-01,Granada,hibrida,consulta,1
2023-06-01,Granada,solar_fv,consulta,2
2023-06-01,Huelva,linea_evacuacion,favorable_condicionada,1
2023-06-01,Jaén,solar_fv,sin_veredicto,1
2023-06-01,Málaga,solar_fv,consulta,3
2023-06-01,Sevilla,solar_fv,sin_veredicto,1
2023-07-01,Andalucía,eolica,desfavorable,2
2023-07-01,Andalucía,hibrida,favorable_condicionada,1
2023-07-01,Andalucía,otra,consulta,1
2023-07-01,Andalucía,otra,favorable_condicionada,1
2023-07-01,Andalucía,solar_fv,desfavorable,8
2023-07-01,Andalucía,solar_fv,favorable_condicionada,7
2023-07-01,Cádiz,eolica,desfavorable,2
2023-07-01,Cádiz,solar_fv,desfavorable,8
2023-07-01,Cádiz,solar_fv,favorable_condicionada,1
2023-07-01,Huelva,hibrida,favorable_condicionada,1
2023-07-01,Huelva,solar_fv,favorable_condicionada,1
2023-07-01,Jaén,otra,consulta,1
2023-07-01,Málaga,solar_fv,desfavorable,1
2023-07-01,Sevilla,solar_fv,favorable_condicionada,5
2023-08-01,Andalucía,eolica,desfavorable,1
2023-08-01,Andalucía,hibrida,consulta,1
2023-08-01,Andalucía,solar_fv,consulta,2
2023-08-01,Andalucía,solar_fv,favorable_condicionada,2
2023-08-01,Andalucía,solar_fv,sin_veredicto,3
2023-08-01,Cádiz,eolica,desfavorable,1
2023-08-01,Cádiz,hibrida,consulta,1
2023-08-01,Córdoba,solar_fv,consulta,1
2023-08-01,Huelva,solar_fv,favorable_condicionada,1
2023-08-01,Huelva,solar_fv,sin_veredicto,3
2023-08-01,Sevilla,solar_fv,consulta,1
2023-08-01,Sevilla,solar_fv,favorable_condicionada,1
2023-09-01,Andalucía,eolica,desfavorable,1
2023-09-01,Andalucía,hibrida,sin_veredicto,1
2023-09-01,Andalucía,solar_fv,consulta,1
2023-09-01,Andalucía,solar_fv,desfavorable,2
2023-09-01,Andalucía,solar_fv,favorable_condicionada,2
2023-09-01,Andalucía,solar_fv,sin_veredicto,3
2023-09-01,Cádiz,eolica,desfavorable,1
2023-09-01,Cádiz,solar_fv,desfavorable,2
2023-09-01,Cádiz,solar_fv,favorable_condicionada,1
2023-09-01,Granada,solar_fv,sin_veredicto,1
2023-09-01,Huelva,hibrida,sin_veredicto,1
2023-09-01,Huelva,solar_fv,favorable_condicionada,1
2023-09-01,Huelva,solar_fv,sin_veredicto,1
2023-09-01,Jaén,solar_fv,sin_veredicto,1
2023-09-01,Málaga,solar_fv,favorable_condicionada,1
2023-09-01,Sevilla,solar_fv,consulta,1
2023-10-01,Almería,solar_fv,sin_veredicto,1
2023-10-01,Andalucía,linea_evacuacion,desfavorable,2
2023-10-01,Andalucía,solar_fv,consulta,1
2023-10-01,Andalucía,solar_fv,sin_veredicto,7
2023-10-01,Cádiz,linea_evacuacion,desfavorable,2
2023-10-01,Jaén,solar_fv,consulta,1
2023-10-01,Jaén,solar_fv,sin_veredicto,6
2023-10-01,Málaga,linea_evacuacion,desfavorable,1
2023-11-01,Almería,solar_fv,sin_veredicto,2
2023-11-01,Andalucía,eolica,sin_veredicto,1
2023-11-01,Andalucía,hibrida,consulta,2
2023-11-01,Andalucía,solar_fv,favorable_condicionada,1
2023-11-01,Andalucía,solar_fv,sin_veredicto,4
2023-11-01,Cádiz,hibrida,consulta,2
2023-11-01,Granada,eolica,sin_veredicto,1
2023-11-01,Granada,solar_fv,sin_veredicto,1
2023-11-01,Huelva,solar_fv,sin_veredicto,1
2023-11-01,Sevilla,solar_fv,favorable_condicionada,1
2023-12-01,Almería,solar_fv,consulta,1
2023-12-01,Andalucía,linea_evacuacion,favorable_condicionada,1
2023-12-01,Andalucía,solar_fv,consulta,2
2023-12-01,Andalucía,solar_fv,desfavorable,1
2023-12-01,Andalucía,solar_fv,sin_veredicto,1
2023-12-01,Granada,solar_fv,desfavorable,1
2023-12-01,Granada,solar_fv,sin_veredicto,1
2023-12-01,Huelva,linea_evacuacion,favorable_condicionada,1
2023-12-01,Sevilla,linea_evacuacion,favorable_condicionada,1
2023-12-01,Sevilla,solar_fv,consulta,1
2024-01-01,Andalucía,hibrida,consulta,1
2024-01-01,Andalucía,linea_evacuacion,sin_veredicto,2
2024-01-01,Andalucía,solar_fv,consulta,1
2024-01-01,Andalucía,solar_fv,favorable_condicionada,2
2024-01-01,Cádiz,hibrida,consulta,1
2024-01-01,Cádiz,linea_evacuacion,sin_veredicto,1
2024-01-01,Córdoba,linea_evacuacion,sin_veredicto,1
2024-01-01,Granada,solar_fv,consulta,1
2024-01-01,Huelva,solar_fv,favorable_condicionada,1
2024-01-01,Málaga,linea_evacuacion,sin_veredicto,1
2024-01-01,Sevilla,solar_fv,favorable_condicionada,1
2024-02-01,Almería,linea_evacuacion,sin_veredicto,2
2024-02-01,Almería,otra,consulta,1
2024-02-01,Andalucía,eolica,favorable_condicionada,2
2024-02-01,Andalucía,hibrida,consulta,3
2024-02-01,Andalucía,hibrida,favorable_condicionada,1
2024-02-01,Andalucía,linea_evacuacion,consulta,2
2024-02-01,Andalucía,linea_evacuacion,sin_veredicto,2
2024-02-01,Andalucía,otra,consulta,1
2024-02-01,Andalucía,solar_fv,consulta,5
2024-02-01,Andalucía,solar_fv,sin_veredicto,2
2024-02-01,Cádiz,eolica,favorable_condicionada,2
2024-02-01,Cádiz,linea_evacuacion,consulta,1
2024-02-01,Córdoba,solar_fv,consulta,1
2024-02-01,Granada,hibrida,consulta,2
2024-02-01,Granada,solar_fv,consulta,1
2024-02-01,Huelva,hibrida,consulta,1
2024-02-01,Huelva,hibrida,favorable_condicionada,1
2024-02-01,Huelva,linea_evacuacion,consulta,1
2024-02-01,Huelva,solar_fv,consulta,2
2024-02-01,Málaga,solar_fv,sin_veredicto,2
2024-02-01,Sevilla,solar_fv,consulta,1
2024-03-01,Almería,solar_fv,consulta,1
2024-03-01,Andalucía,eolica,favorable_condicionada,2
2024-03-01,Andalucía,hibrida,consulta,1
2024-03-01,Andalucía,hibrida,desfavorable,1
2024-03-01,Andalucía,solar_fv,consulta,4
2024-03-01,Cádiz,eolica,favorable_condicionada,2
2024-03-01,Cádiz,hibrida,consulta,1
2024-03-01,Cádiz,hibrida,desfavorable,1
2024-03-01,Cádiz,solar_fv,consulta,1
2024-03-01,Huelva,solar_fv,consulta,2
2024-04-01,Almería,solar_fv,sin_veredicto,1
2024-04-01,Andalucía,eolica,favorable_condicionada,1
2024-04-01,Andalucía,eolica,sin_veredicto,2
2024-04-01,Andalucía,hibrida,consulta,1
2024-04-01,Andalucía,linea_evacuacion,sin_veredicto,1
2024-04-01,Andalucía,solar_fv,consulta,1
2024-04-01,Andalucía,solar_fv,desfavorable,1
2024-04-01,Andalucía,solar_fv,sin_veredicto,1
2024-04-01,Cádiz,eolica,favorable_condicionada,1
2024-04-01,Cádiz,solar_fv,consulta,1
2024-04-01,Cádiz,solar_fv,desfavorable,1
2024-04-01,Málaga,eolica,sin_veredicto,2
2024-04-01,Málaga,linea_evacuacion,sin_veredicto,1
2024-04-01,Sevilla,hibrida,consulta,1
2024-05-01,Andalucía,linea_evacuacion,sin_veredicto,1
2024-05-01,Andalucía,solar_fv,consulta,1
2024-05-01,Cádiz,solar_fv,consulta,1
2024-05-01,Málaga,linea_evacuacion,sin_veredicto,1
2024-06-01,Andalucía,hibrida,consulta,1
2024-06-01,Andalucía,hibrida,sin_veredicto,1
2024-06-01,Andalucía,linea_evacuacion,favorable_condicionada,1
2024-06-01,Andalucía,solar_fv,consulta,2
2024-06-01,Andalucía,solar_fv,favorable_condicionada,1
2024-06-01,Andalucía,solar_fv,sin_veredicto,4
2024-06-01,Cádiz,hibrida,consulta,1
2024-06-01,Huelva,hibrida,sin_veredicto,1
2024-06-01,Huelva,solar_fv,consulta,2
2024-06-01,Huelva,solar_fv,favorable_condicionada,1
2024-06-01,Huelva,solar_fv,sin_veredicto,3
2024-06-01,Sevilla,linea_evacuacion,favorable_condicionada,1
2024-06-01,Sevilla,solar_fv,sin_veredicto,1
2024-07-01,Andalucía,linea_evacuacion,favorable_condicionada,2
2024-07-01,Andalucía,otra,sin_veredicto,1
2024-07-01,Andalucía,solar_fv,consulta,1
2024-07-01,Andalucía,solar_fv,favorable_condicionada,7
2024-07-01,Andalucía,solar_fv,sin_veredicto,1
2024-07-01,Huelva,solar_fv,consulta,1
2024-07-01,Sevilla,linea_evacuacion,favorable_condicionada,2
2024-07-01,Sevilla,solar_fv,favorable_condicionada,7
2024-07-01,Sevilla,solar_fv,sin_veredicto,1
2024-08-01,Almería,solar_fv,favorable_condicionada,1
2024-08-01,Andalucía,eolica,consulta,1
2024-08-01,Andalucía,linea_evacuacion,sin_veredicto,1
2024-08-01,Andalucía,solar_fv,favorable_condicionada,2
2024-08-01,Andalucía,solar_fv,sin_veredicto,1
2024-08-01,Cádiz,eolica,consulta,1
2024-08-01,Cádiz,solar_fv,favorable_condicionada,1
2024-08-01,Granada,solar_fv,sin_veredicto,1
2024-08-01,Málaga,linea_evacuacion,sin_veredicto,1
2024-08-01,Sevilla,linea_evacuacion,sin_veredicto,1
2024-09-01,Almería,linea_evacuacion,favorable_condicionada,1
2024-09-01,Almería,solar_fv,sin_veredicto,5
2024-09-01,Andalucía,hibrida,consulta,2
2024-09-01,Andalucía,hibrida,favorable_condicionada,4
2024-09-01,Andalucía,hibrida,sin_veredicto,1
2024-09-01,Andalucía,linea_evacuacion,favorable_condicionada,1
2024-09-01,Andalucía,solar_fv,desfavorable,1
2024-09-01,Andalucía,solar_fv,favorable_condicionada,3
2024-09-01,Andalucía,solar_fv,sin_veredicto,5
2024-09-01,Cádiz,hibrida,consulta,1
2024-09-01,Cádiz,hibrida,favorable_condicionada,4
2024-09-01,Cádiz,hibrida,sin_veredicto,1
2024-09-01,Cádiz,solar_fv,favorable_condicionada,2
2024-09-01,Granada,solar_fv,desfavorable,1
2024-09-01,Sevilla,hibrida,consulta,1
2024-10-01,Andalucía,eolica,consulta,2
2024-10-01,Andalucía,hibrida,consulta,1
2024-10-01,Andalucía,hibrida,favorable_condicionada,1
2024-10-01,Andalucía,linea_evacuacion,favorable_condicionada,1
2024-10-01,Andalucía,otra,favorable_condicionada,2
2024-10-01,Andalucía,solar_fv,consulta,4
2024-10-01,Andalucía,solar_fv,favorable_condicionada,3
2024-10-01,Andalucía,solar_fv,sin_veredicto,1
2024-10-01,Cádiz,eolica,consulta,2
2024-10-01,Cádiz,hibrida,consulta,1
2024-10-01,Cádiz,hibrida,favorable_condicionada,1
2024-10-01,Cádiz,otra,favorable_condicionada,2
2024-10-01,Cádiz,solar_fv,favorable_condicionada,2
2024-10-01,Córdoba,solar_fv,consulta,2
2024-10-01,Granada,solar_fv,sin_veredicto,1
2024-10-01,Sevilla,linea_evacuacion,favorable_condicionada,1
2024-10-01,Sevilla,solar_fv,consulta,2
2024-10-01,Sevilla,solar_fv,favorable_condicionada,1
2024-11-01,Andalucía,solar_fv,consulta,2
2024-11-01,Andalucía,solar_fv,favorable_condicionada,7
2024-11-01,Andalucía,solar_fv,sin_veredicto,9
2024-11-01,Cádiz,solar_fv,favorable_condicionada,2
2024-11-01,Granada,solar_fv,favorable_condicionada,1
2024-11-01,Huelva,solar_fv,favorable_condicionada,3
2024-11-01,Huelva,solar_fv,sin_veredicto,5
2024-11-01,Jaén,solar_fv,consulta,1
2024-11-01,Málaga,solar_fv,sin_veredicto,1
2024-11-01,Sevilla,solar_fv,favorable_condicionada,1
2024-11-01,Sevilla,solar_fv,sin_veredicto,3
2024-12-01,Andalucía,otra,sin_veredicto,1
2024-12-01,Andalucía,solar_fv,favorable_condicionada,1
2024-12-01,Andalucía,solar_fv,sin_veredicto,1
2024-12-01,Cádiz,solar_fv,favorable_condicionada,1
2024-12-01,Huelva,solar_fv,sin_veredicto,1
2024-12-01,Jaén,otra,sin_veredicto,1
2025-01-01,Andalucía,hibrida,consulta,2
2025-01-01,Andalucía,linea_evacuacion,favorable_condicionada,2
2025-01-01,Andalucía,otra,favorable_condicionada,1
2025-01-01,Andalucía,solar_fv,desfavorable,2
2025-01-01,Andalucía,solar_fv,favorable_condicionada,3
2025-01-01,Andalucía,solar_fv,sin_veredicto,1
2025-01-01,Cádiz,hibrida,consulta,2
2025-01-01,Cádiz,linea_evacuacion,favorable_condicionada,1
2025-01-01,Cádiz,otra,favorable_condicionada,1
2025-01-01,Cádiz,solar_fv,desfavorable,2
2025-01-01,Cádiz,solar_fv,favorable_condicionada,3
2025-01-01,Granada,solar_fv,sin_veredicto,1
2025-01-01,Sevilla,linea_evacuacion,favorable_condicionada,1
2025-02-01,Andalucía,eolica,desfavorable,1
2025-02-01,Andalucía,hibrida,consulta,1
2025-02-01,Andalucía,hibrida,favorable_condicionada,2
2025-02-01,Andalucía,linea_evacuacion,favorable_condicionada,1
2025-02-01,Andalucía,solar_fv,consulta,1
2025-02-01,Andalucía,solar_fv,desfavorable,2
2025-02-01,Andalucía,solar_fv,favorable_condicionada,2
2025-02-01,Andalucía,solar_fv,sin_veredicto,1
2025-02-01,Cádiz,eolica,desfavorable,1
2025-02-01,Cádiz,hibrida,consulta,1
2025-02-01,Cádiz,hibrida,favorable_condicionada,1
2025-02-01,Cádiz,solar_fv,desfavorable,2
2025-02-01,Granada,hibrida,favorable_condicionada,1
2025-02-01,Granada,linea_evacuacion,favorable_condicionada,1
2025-02-01,Granada,solar_fv,favorable_condicionada,1
2025-02-01,Huelva,solar_fv,favorable_condicionada,1
2025-02-01,Huelva,solar_fv,sin_veredicto,1
2025-02-01,Málaga,solar_fv,consulta,1
2025-03-01,Andalucía,hibrida,consulta,2
2025-03-01,Andalucía,linea_evacuacion,sin_veredicto,1
2025-03-01,Andalucía,solar_fv,consulta,1
2025-03-01,Andalucía,solar_fv,favorable_condicionada,5
2025-03-01,Andalucía,solar_fv,sin_veredicto,2
2025-03-01,Cádiz,hibrida,consulta,2
2025-03-01,Córdoba,solar_fv,consulta,1
2025-03-01,Córdoba,solar_fv,sin_veredicto,1
2025-03-01,Granada,solar_fv,favorable_condicionada,1
2025-03-01,Huelva,linea_evacuacion,sin_veredicto,1
2025-03-01,Huelva,solar_fv,favorable_condicionada,2
2025-03-01,Huelva,solar_fv,sin_veredicto,1
2025-03-01,Sevilla,solar_fv,favorable_condicionada,2
2025-04-01,Andalucía,eolica,consulta,1
2025-04-01,Andalucía,hibrida,consulta,2
2025-04-01,Andalucía,hibrida,desfavorable,1
2025-04-01,Andalucía,linea_evacuacion,favorable_condicionada,1
2025-04-01,Andalucía,solar_fv,desfavorable,1
2025-04-01,Andalucía,solar_fv,favorable_condicionada,1
2025-04-01,Andalucía,solar_fv,sin_veredicto,2
2025-04-01,Cádiz,eolica,consulta,1
2025-04-01,Cádiz,hibrida,consulta,2
2025-04-01,Cádiz,hibrida,desfavorable,1
2025-04-01,Cádiz,solar_fv,desfavorable,1
2025-04-01,Huelva,solar_fv,favorable_condicionada,1
2025-04-01,Málaga,solar_fv,sin_veredicto,1
2025-04-01,Sevilla,linea_evacuacion,favorable_condicionada,1
2025-04-01,Sevilla,solar_fv,sin_veredicto,1
2025-05-01,Almería,linea_evacuacion,sin_veredicto,1
2025-05-01,Almería,solar_fv,consulta,1
2025-05-01,Andalucía,hibrida,consulta,1
2025-05-01,Andalucía,linea_evacuacion,consulta,1
2025-05-01,Andalucía,linea_evacuacion,sin_veredicto,1
2025-05-01,Andalucía,solar_fv,consulta,1
2025-05-01,Andalucía,solar_fv,favorable_condicionada,6
2025-05-01,Andalucía,solar_fv,sin_veredicto,2
2025-05-01,Cádiz,solar_fv,favorable_condicionada,1
2025-05-01,Granada,solar_fv,sin_veredicto,1
2025-05-01,Huelva,hibrida,consulta,1
2025-05-01,Huelva,solar_fv,favorable_condicionada,1
2025-05-01,Málaga,solar_fv,sin_veredicto,1
2025-05-01,Sevilla,linea_evacuacion,consulta,1
2025-05-01,Sevilla,solar_fv,favorable_condicionada,4
2025-06-01,Andalucía,hibrida,consulta,3
2025-06-01,Andalucía,hibrida,favorable_condicionada,1
2025-06-01,Andalucía,linea_evacuacion,consulta,1
2025-06-01,Andalucía,solar_fv,favorable_condicionada,3
2025-06-01,Cádiz,hibrida,consulta,3
2025-06-01,Cádiz,solar_fv,favorable_condicionada,1
2025-06-01,Córdoba,solar_fv,favorable_condicionada,1
2025-06-01,Huelva,hibrida,favorable_condicionada,1
2025-06-01,Huelva,linea_evacuacion,consulta,1
2025-06-01,Sevilla,solar_fv,favorable_condicionada,1
2025-07-01,Andalucía,eolica,consulta,1
2025-07-01,Andalucía,hibrida,consulta,4
2025-07-01,Andalucía,hibrida,favorable_condicionada,1
2025-07-01,Andalucía,otra,consulta,1
2025-07-01,Andalucía,solar_fv,consulta,1
2025-07-01,Andalucía,solar_fv,sin_veredicto,2
2025-07-01,Cádiz,hibrida,consulta,4
2025-07-01,Cádiz,otra,consulta,1
2025-07-01,Córdoba,solar_fv,sin_veredicto,2
2025-07-01,Huelva,solar_fv,consulta,1
2025-07-01,Málaga,eolica,consulta,1
2025-07-01,Sevilla,eolica,consulta,1
2025-07-01,Sevilla,hibrida,favorable_condicionada,1
2025-08-01,Andalucía,eolica,desfavorable,1
2025-08-01,Andalucía,solar_fv,favorable_condicionada,3
2025-08-01,Cádiz,eolica,desfavorable,1
2025-08-01,Granada,solar_fv,favorable_condicionada,1
2025-08-01,Sevilla,solar_fv,favorable_condicionada,2
2025-09-01,Andalucía,eolica,consulta,2
2025-09-01,Andalucía,hibrida,favorable_condicionada,1
2025-09-01,Andalucía,solar_fv,favorable_condicionada,1
2025-09-01,Andalucía,solar_fv,sin_veredicto,1
2025-09-01,Cádiz,eolica,consulta,2
2025-09-01,Córdoba,solar_fv,sin_veredicto,1
2025-09-01,Granada,hibrida,favorable_condicionada,1
2025-09-01,Sevilla,solar_fv,favorable_condicionada,1
2025-10-01,Almería,linea_evacuacion,consulta,1
2025-10-01,Andalucía,eolica,consulta,1
2025-10-01,Andalucía,linea_evacuacion,consulta,1
2025-10-01,Andalucía,solar_fv,favorable_condicionada,8
2025-10-01,Cádiz,eolica,consulta,1
2025-10-01,Córdoba,solar_fv,favorable_condicionada,2
2025-10-01,Granada,linea_evacuacion,consulta,1
2025-10-01,Huelva,solar_fv,favorable_condicionada,4
2025-10-01,Sevilla,solar_fv,favorable_condicionada,2
2025-11-01,Andalucía,almacenamiento,favorable_condicionada,1
2025-11-01,Andalucía,solar_fv,sin_veredicto,2
2025-11-01,Cádiz,almacenamiento,favorable_condicionada,1
2025-11-01,Huelva,solar_fv,sin_veredicto,1
2025-11-01,Jaén,solar_fv,sin_veredicto,1
2025-12-01,Almería,solar_fv,consulta,1
2025-12-01,Andalucía,hibrida,desfavorable,1
2025-12-01,Andalucía,linea_evacuacion,favorable_condicionada,1
2025-12-01,Andalucía,solar_fv,consulta,1
2025-12-01,Andalucía,solar_fv,favorable_condicionada,1
2025-12-01,Granada,hibrida,desfavorable,1
2025-12-01,Huelva,linea_evacuacion,favorable_condicionada,1
2025-12-01,Sevilla,solar_fv,favorable_condicionada,1
2026-01-01,Almería,eolica,consulta,1
2026-01-01,Andalucía,eolica,consulta,1
2026-01-01,Andalucía,hibrida,consulta,1
2026-01-01,Andalucía,solar_fv,consulta,2
2026-01-01,Andalucía,solar_fv,favorable_condicionada,3
2026-01-01,Cádiz,hibrida,consulta,1
2026-01-01,Cádiz,solar_fv,consulta,2
2026-01-01,Granada,solar_fv,favorable_condicionada,1
2026-01-01,Sevilla,solar_fv,favorable_condicionada,2
2026-02-01,Andalucía,almacenamiento,favorable_condicionada,4
2026-02-01,Andalucía,hibrida,consulta,1
2026-02-01,Andalucía,hibrida,desfavorable,1
2026-02-01,Andalucía,solar_fv,desfavorable,1
2026-02-01,Cádiz,hibrida,desfavorable,1
2026-02-01,Granada,solar_fv,desfavorable,1
2026-02-01,Huelva,hibrida,consulta,1
2026-02-01,Sevilla,almacenamiento,favorable_condicionada,4
2026-03-01,Andalucía,almacenamiento,consulta,1
2026-03-01,Andalucía,eolica,consulta,1
2026-03-01,Andalucía,solar_fv,favorable_condicionada,1
2026-03-01,Cádiz,eolica,consulta,1
2026-03-01,Sevilla,almacenamiento,consulta,1
2026-03-01,Sevilla,solar_fv,favorable_condicionada,1
2026-04-01,Almería,hibrida,consulta,1
2026-04-01,Andalucía,eolica,favorable_condicionada,1
2026-04-01,Andalucía,hibrida,consulta,3
2026-04-01,Andalucía,solar_fv,favorable_condicionada,4
2026-04-01,Cádiz,eolica,favorable_condicionada,1
2026-04-01,Cádiz,hibrida,consulta,2
2026-04-01,Cádiz,solar_fv,favorable_condicionada,1
2026-04-01,Córdoba,solar_fv,favorable_condicionada,1
2026-04-01,Huelva,solar_fv,favorable_condicionada,1
2026-04-01,Jaén,solar_fv,favorable_condicionada,1
2026-05-01,Almería,solar_fv,consulta,1
2026-05-01,Andalucía,solar_fv,consulta,1
2026-05-01,Andalucía,solar_fv,favorable_condicionada,4
2026-05-01,Andalucía,solar_fv,sin_veredicto,1
2026-05-01,Cádiz,solar_fv,favorable_condicionada,1
2026-05-01,Granada,solar_fv,favorable_condicionada,1
2026-05-01,Málaga,solar_fv,sin_veredicto,1
2026-05-01,Sevilla,solar_fv,favorable_condicionada,2
2026-06-01,Andalucía,hibrida,consulta,2
2026-06-01,Andalucía,solar_fv,favorable_condicionada,3
2026-06-01,Cádiz,hibrida,consulta,2
2026-06-01,Sevilla,solar_fv,favorable_condicionada,3
2026-07-01,Almería,eolica,consulta,4
2026-07-01,Almería,eolica,desfavorable,2
2026-07-01,Andalucía,almacenamiento,favorable_condicionada,3
2026-07-01,Andalucía,eolica,consulta,4
2026-07-01,Andalucía,eolica,desfavorable,2
2026-07-01,Andalucía,eolica,favorable_condicionada,1
2026-07-01,Andalucía,hibrida,favorable_condicionada,1
2026-07-01,Andalucía,solar_fv,favorable_condicionada,3
2026-07-01,Cádiz,almacenamiento,favorable_condicionada,3
2026-07-01,Cádiz,eolica,favorable_condicionada,1
2026-07-01,Cádiz,hibrida,favorable_condicionada,1
2026-07-01,Cádiz,solar_fv,favorable_condicionada,1
2026-07-01,Sevilla,solar_fv,favorable_condicionada,3
2026-08-01,Andalucía,linea_evacuacion,favorable_condicionada,1
2026-08-01,Andalucía,solar_fv,favorable_condicionada,2
2026-08-01,Cádiz,solar_fv,favorable_condicionada,1
2026-08-01,Huelva,linea_evacuacion,favorable_condicionada,1
2026-08-01,Sevilla,solar_fv,favorable_condicionada,1
2026-09-01,Andalucía,solar_fv,favorable_condicionada,2
2026-09-01,Sevilla,solar_fv,favorable_condicionada,2
