province,month,verdict,project_count,mw_nominal
Almería,2019-02-01,desconocido,1,50.0
Almería,2022-10-01,favorable_condicionada,1,250.0
Almería,2022-12-01,desconocido,1,0.0
Almería,2023-01-01,desconocido,3,4.998
Almería,2023-02-01,desconocido,3,0.0
Almería,2023-02-01,favorable_condicionada,1,169.125
Almería,2023-03-01,desconocido,8,0.0
Almería,2023-05-01,desconocido,1,0.0
Almería,2023-06-01,desconocido,2,40.0
Almería,2023-10-01,desconocido,1,0.0
Almería,2023-11-01,desconocido,2,0.0
Almería,2024-04-01,desconocido,1,0.0
Almería,2024-09-01,desconocido,5,0.0
Almería,2024-09-01,favorable_condicionada,1,99.85
Almería,2025-05-01,desconocido,1,0.0
Almería,2025-10-01,en_consulta,1,0.0
Almería,2025-12-01,en_consulta,1,8.4
Almería,2026-05-01,en_consulta,1,20.0
Almería,2026-07-01,desfavorable,2,73.6
Almería,2026-07-01,en_consulta,2,0.0
Cádiz,2019-03-01,favorable_condicionada,1,0.0
Cádiz,2019-08-01,favorable_condicionada,1,109.5039
Cádiz,2022-11-01,favorable_condicionada,2,0.0
Cádiz,2022-12-01,favorable_condicionada,5,193.26001
Cádiz,2023-01-01,desfavorable,1,801.0
Cádiz,2023-01-01,favorable_condicionada,6,410.58002
Cádiz,2023-02-01,desconocido,1,0.0
Cádiz,2023-02-01,favorable_condicionada,10,90.0
Cádiz,2023-03-01,favorable_condicionada,3,23.0
Cádiz,2023-04-01,desfavorable,1,216.6
Cádiz,2023-04-01,en_consulta,1,0.0
Cádiz,2023-04-01,favorable_condicionada,1,0.0
Cádiz,2023-05-01,favorable_condicionada,1,0.0
Cádiz,2023-06-01,favorable_condicionada,2,0.0
Cádiz,2023-07-01,desfavorable,6,39.879997
Cádiz,2023-07-01,favorable_condicionada,1,0.0
Cádiz,2023-08-01,desfavorable,1,0.0
Cádiz,2023-09-01,desfavorable,3,25.12
Cádiz,2023-10-01,desfavorable,1,0.0
Cádiz,2023-11-01,en_consulta,1,54.0
Cádiz,2024-04-01,desfavorable,1,0.0
Cádiz,2024-04-01,en_consulta,1,0.0
Cádiz,2024-08-01,favorable_condicionada,1,36.0
Cádiz,2024-09-01,desconocido,1,0.0
Cádiz,2024-09-01,favorable_condicionada,1,0.0
Cádiz,2024-10-01,desfavorable,1,250.0
Cádiz,2024-10-01,en_consulta,1,0.0
Cádiz,2024-10-01,favorable_condicionada,4,41.0
Cádiz,2024-11-01,favorable_condicionada,1,0.0
Cádiz,2024-12-01,favorable_condicionada,1,0.0
Cádiz,2025-01-01,desfavorable,2,10.0
Cádiz,2025-01-01,favorable_condicionada,4,9.98
Cádiz,2025-02-01,desfavorable,1,46.9
Cádiz,2025-02-01,favorable_condicionada,1,110.0
Cádiz,2025-03-01,en_consulta,1,0.0
Cádiz,2025-04-01,caducado,1,0.0
Cádiz,2025-04-01,desfavorable,2,0.0
Cádiz,2025-05-01,favorable_condicionada,1,10.0
Cádiz,2025-06-01,en_consulta,1,523.0
Cádiz,2025-06-01,favorable_condicionada,1,46.2
Cádiz,2025-07-01,en_consulta,2,484.3
Cádiz,2025-08-01,desfavorable,1,109.8
Cádiz,2025-11-01,favorable_condicionada,1,24.04
Cádiz,2026-01-01,en_consulta,1,39.6
Cádiz,2026-02-01,desfavorable,1,79.99
Cádiz,2026-04-01,en_consulta,1,15.0
Cádiz,2026-04-01,favorable_condicionada,1,8.5
Cádiz,2026-05-01,favorable_condicionada,1,47.7
Cádiz,2026-07-01,favorable_condicionada,4,42.989998
Cádiz,2026-08-01,favorable_condicionada,1,2.5
Córdoba,2022-05-01,favorable_condicionada,1,149.0
Córdoba,2022-11-01,desconocido,3,76.0
Córdoba,2022-11-01,desfavorable,1,0.0
Córdoba,2022-11-01,favorable_condicionada,1,0.0
Córdoba,2022-12-01,favorable_condicionada,1,188.0
Córdoba,2023-02-01,desconocido,8,27.993
Córdoba,2023-02-01,favorable_condicionada,1,0.0
Córdoba,2023-03-01,desconocido,3,0.0
Córdoba,2023-03-01,en_consulta,1,0.2
Córdoba,2023-05-01,favorable_condicionada,1,49.99
Córdoba,2024-01-01,desconocido,1,0.0
Córdoba,2025-03-01,desconocido,1,0.0
Córdoba,2025-06-01,favorable_condicionada,1,50.0
Córdoba,2025-07-01,desconocido,2,0.0
Córdoba,2025-09-01,desconocido,1,4.99
Córdoba,2025-10-01,favorable_condicionada,2,95.0
Córdoba,2026-04-01,favorable_condicionada,1,75.0
Granada,2022-10-01,en_consulta,1,0.0
Granada,2022-11-01,desconocido,1,22.0
Granada,2022-12-01,desconocido,2,0.0
Granada,2022-12-01,favorable_condicionada,1,177.0
Granada,2023-01-01,desfavorable,1,83.0
Granada,2023-01-01,favorable_condicionada,3,173.28
Granada,2023-02-01,desconocido,2,0.0
Granada,2023-02-01,en_consulta,3,128.0
Granada,2023-03-01,desconocido,3,6.0
Granada,2023-03-01,en_consulta,1,0.0
Granada,2023-05-01,en_consulta,1,0.0
Granada,2023-11-01,desconocido,2,0.0
Granada,2023-12-01,desconocido,1,0.0
Granada,2023-12-01,desfavorable,1,37.2
Granada,2024-08-01,desconocido,1,0.0
Granada,2024-09-01,desfavorable,1,42.0
Granada,2024-10-01,desconocido,1,0.0
Granada,2024-11-01,favorable_condicionada,1,0.0
Granada,2025-01-01,desconocido,1,0.0
Granada,2025-02-01,favorable_condicionada,2,30.75
Granada,2025-03-01,desconocido,1,0.0
Granada,2025-05-01,desconocido,1,0.0
Granada,2025-08-01,favorable_condicionada,1,89.745
Granada,2025-10-01,en_consulta,1,0.0
Granada,2025-12-01,desfavorable,1,88.24
Granada,2026-01-01,favorable_condicionada,1,0.875
Granada,2026-02-01,desfavorable,1,14.85
Granada,2026-05-01,favorable_condicionada,1,0.0
Huelva,2019-01-01,en_consulta,1,22.88
Huelva,2022-07-01,favorable_condicionada,1,0.0
Huelva,2022-11-01,desconocido,1,0.0
Huelva,2022-11-01,favorable_condicionada,1,0.0
Huelva,2022-12-01,desconocido,1,30.25
Huelva,2023-01-01,desconocido,1,0.0
Huelva,2023-01-01,favorable_condicionada,2,384.496
Huelva,2023-02-01,favorable_condicionada,2,32.28
Huelva,2023-03-01,desconocido,2,0.0
Huelva,2023-03-01,favorable_condicionada,2,17.25
Huelva,2023-05-01,favorable_condicionada,3,204.0
Huelva,2023-06-01,favorable_condicionada,1,0.0
Huelva,2023-08-01,desconocido,1,51.0
Huelva,2023-08-01,favorable_condicionada,1,96.0
Huelva,2023-09-01,favorable_condicionada,1,27.83
Huelva,2023-11-01,desconocido,1,37.5
Huelva,2024-02-01,favorable_condicionada,1,21.3
Huelva,2024-03-01,en_consulta,2,0.0
Huelva,2024-06-01,desconocido,3,0.0
Huelva,2024-06-01,favorable_condicionada,1,0.0
Huelva,2024-11-01,desconocido,4,5.0
Huelva,2024-11-01,favorable_condicionada,3,9.98
Huelva,2024-12-01,desconocido,1,4.6
Huelva,2025-02-01,desconocido,1,0.0
Huelva,2025-02-01,favorable_condicionada,1,0.0
Huelva,2025-03-01,desconocido,1,0.0
Huelva,2025-03-01,favorable_condicionada,2,5.0
Huelva,2025-04-01,favorable_condicionada,1,3.82
Huelva,2025-05-01,favorable_condicionada,1,180.0
Huelva,2025-06-01,en_consulta,1,0.0
Huelva,2025-06-01,favorable_condicionada,1,39.98
Huelva,2025-10-01,favorable_condicionada,4,139.52
Huelva,2025-12-01,favorable_condicionada,1,0.0
Huelva,2026-04-01,favorable_condicionada,1,209.0
Huelva,2026-08-01,favorable_condicionada,1,0.0
Jaén,2022-05-01,favorable_condicionada,1,149.0
Jaén,2022-11-01,favorable_condicionada,1,0.0
Jaén,2023-02-01,en_consulta,1,0.0
Jaén,2023-02-01,favorable_condicionada,4,109.990005
Jaén,2023-03-01,desconocido,1,0.0
Jaén,2023-05-01,favorable_condicionada,1,49.99
Jaén,2023-06-01,desconocido,1,0.0
Jaén,2023-07-01,en_consulta,1,0.0
Jaén,2023-10-01,en_consulta,1,2.0
Jaén,2026-04-01,favorable_condicionada,1,3.3
Málaga,2022-01-01,favorable_condicionada,1,48.0
Málaga,2023-01-01,desconocido,1,0.0
Málaga,2023-01-01,desfavorable,2,884.0
Málaga,2023-01-01,favorable_condicionada,3,621.1
Málaga,2023-02-01,desconocido,16,3.5
Málaga,2023-02-01,desfavorable,1,62.5
Málaga,2023-02-01,favorable_condicionada,3,0.0
Málaga,2023-03-01,favorable_condicionada,2,23.0
Málaga,2023-04-01,desfavorable,1,216.6
Málaga,2023-05-01,favorable_condicionada,1,0.0
Málaga,2023-07-01,desfavorable,1,19.9
Málaga,2023-09-01,desfavorable,1,25.12
Málaga,2024-02-01,desconocido,2,0.0
Málaga,2024-04-01,desconocido,2,0.0
Málaga,2024-05-01,desconocido,1,0.0
Málaga,2024-06-01,desconocido,2,0.0
Málaga,2024-08-01,desconocido,1,0.0
Málaga,2024-10-01,desfavorable,1,250.0
Málaga,2025-02-01,en_consulta,1,25.0
Málaga,2025-04-01,desconocido,1,0.0
Málaga,2025-05-01,desconocido,1,0.0
Málaga,2025-07-01,desconocido,1,0.0
Málaga,2026-02-01,desconocido,1,0.0
Málaga,2026-05-01,desconocido,1,0.0
Sevilla,2022-05-01,favorable_condicionada,4,416.0
Sevilla,2022-09-01,favorable_condicionada,4,11.0
Sevilla,2022-10-01,favorable_condicionada,2,0.0
Sevilla,2022-11-01,en_consulta,1,0.0
Sevilla,2022-11-01,favorable_condicionada,6,45.836
Sevilla,2022-12-01,desconocido,2,0.0
Sevilla,2022-12-01,favorable_condicionada,2,0.0
Sevilla,2023-01-01,favorable_condicionada,17,330.26
Sevilla,2023-02-01,desconocido,2,131.05
Sevilla,2023-02-01,desfavorable,1,56.5
Sevilla,2023-02-01,en_consulta,1,0.0
Sevilla,2023-02-01,favorable_condicionada,20,357.58002
Sevilla,2023-03-01,favorable_condicionada,9,98.99
Sevilla,2023-05-01,favorable_condicionada,3,0.0
Sevilla,2023-07-01,desconocido,1,150.0
Sevilla,2023-07-01,favorable_condicionada,5,169.30301
Sevilla,2023-11-01,favorable_condicionada,1,9.0
Sevilla,2024-01-01,favorable_condicionada,1,0.0
Sevilla,2024-02-01,en_consulta,1,0.0
Sevilla,2024-04-01,en_consulta,1,0.0
Sevilla,2024-07-01,desconocido,1,0.0
Sevilla,2024-07-01,favorable_condicionada,8,27.219997
Sevilla,2024-08-01,desconocido,1,0.0
Sevilla,2024-09-01,en_consulta,1,0.0
Sevilla,2024-10-01,en_consulta,1,0.0
Sevilla,2024-10-01,favorable_condicionada,2,12.0
Sevilla,2024-11-01,desconocido,1,0.0
Sevilla,2025-01-01,favorable_condicionada,1,0.0
Sevilla,2025-03-01,favorable_condicionada,2,0.0
Sevilla,2025-04-01,favorable_condicionada,1,0.0
Sevilla,2025-05-01,en_consulta,1,0.0
Sevilla,2025-05-01,favorable_condicionada,4,0.0
Sevilla,2025-06-01,favorable_condicionada,1,0.0
Sevilla,2025-07-01,favorable_condicionada,1,24.04
Sevilla,2025-08-01,favorable_condicionada,1,0.0
Sevilla,2025-09-01,favorable_condicionada,1,0.0
Sevilla,2025-10-01,favorable_condicionada,2,0.0
Sevilla,2025-12-01,favorable_condicionada,2,0.0
Sevilla,2026-01-01,favorable_condicionada,2,0.0
Sevilla,2026-02-01,favorable_condicionada,1,0.0
Sevilla,2026-03-01,favorable_condicionada,1,0.0
Sevilla,2026-05-01,favorable_condicionada,2,0.0
Sevilla,2026-06-01,favorable_condicionada,1,0.0
Sevilla,2026-07-01,favorable_condicionada,3,0.0
Sevilla,2026-08-01,favorable_condicionada,1,0.0
Sevilla,2026-09-01,favorable_condicionada,2,20.0
