key,group,parent_company,source_url,note
greenalia-solar-power-guadame,Greenalia,Greenalia,https://greenalia.es/noticia/greenalia-avanza-en-el-desarrollo-de-sus-proyectos-fotovoltaicos-en-espana-con-410-nuevos-mw-en-tramite-de-informacion-publica/,"Greenalia, 10/01/2022: its 410 MW in Jaén are the plants Guadame I-V, Zumajo I-II and Marmolejo Solar I-II; the gazette names Greenalia Solar Power Guadame I to V as their promoters. Guadame I, II and V print a space the III and IV notices omit"
greenalia-solar-powerguadame,Greenalia Solar Power Guadame,,,"Guadame III and IV, printed without the space; a spelling row, so they take the Greenalia row of greenalia-solar-power-guadame"
greenalia-solar-power-zumajo,Greenalia,Greenalia,https://greenalia.es/noticia/greenalia-avanza-en-el-desarrollo-de-sus-proyectos-fotovoltaicos-en-espana-con-410-nuevos-mw-en-tramite-de-informacion-publica/,"Greenalia, 10/01/2022: Zumajo I-II among its Jaén plants; the gazette names Greenalia Solar Power Zumajo I and II as their promoters"
enel-green-power-espana,Endesa,"Endesa, S.A.",https://www.endesa.com/es/prensa/sala-de-prensa/noticias/transicion-energetica/renovables/endesa-construye-1130-mw-nuevos-proyectos-renovables-espana-4200-puestos-trabajo,"Endesa, 10/07/2022: 'Endesa, a través de su filial renovable Enel Green Power España (EGPE)'"
corporacion-acciona-eolica,Acciona Energía,"Corporación Acciona Energías Renovables, S.A.",https://www.acciona-energia.com/content/dam/energiacom/documentos/inversores/cuentas-anuales/cuentas-anuales-individuales-2025.pdf,"Annual accounts 2025 of Corporación Acciona Energías Renovables, S.A., Anexo I, Empresas del grupo: Corporación Acciona Eólica, S.L.U."
siroco-hydrogen,Siroco Hydrogen,,,
siroco-hydrogene,Siroco Hydrogen,,,"Siroco Hydrogene 4, a spelling of Siroco Hydrogen"
generacion-eolicosolar,Generación Eolicosolar,,,
generacion-eolico-solar,Generación Eolicosolar,,,"Generación Eólico Solar 10, printed in two words"
anthophila-energia-renovables,Anthophila Energía Renovables,,,
anthophila-energias-renovables,Anthophila Energía Renovables,,,"plural slip, same company"
mitra-alfa,Mitra Alfa,,,
sociedad-mitra-alfa,Mitra Alfa,,,"'Sociedad Mitra Alfa SLU', the same company with 'Sociedad' in front"
